id,vehicle_year,vehicle_make,vehicle_model,body_styles
1, 1997, Ford, E350, "2dr, 3dr, 4dr"
2, 1997, Ford, E350, "2dr, 3dr, 4dr"
3, 1997, Ford, E350, "2dr, 3dr, 4dr"
4, 1997, Ford, E350, "2dr, 3dr, 4dr"
5, 1997, Ford, E350, "2dr, 3dr, 4dr"
6, 1997, Ford, E350, "2dr, 3dr, 4dr"
7, 1997, Ford, E350, "2dr, 3dr, 4dr"
8, 1997, Ford, E350, "2dr, 3dr, 4dr"
9, 1997, Ford, E350, "2dr, 3dr, 4dr"
10, 1997, Ford, E350, "2dr, 3dr, 4dr"
11, 1997, Ford, E350, "2dr, 3dr, 4dr"
12, 1997, Ford, E350, "2dr, 3dr, 4dr"
13, 1997, Ford, E350, "2dr, 3dr, 4dr"
14, 1997, Ford, E350, "2dr, 3dr, 4dr"
15, 1997, Ford, E350, "2dr, 3dr, 4dr"
16, 1997, Ford, E350, "2dr, 3dr, 4dr"
17, 1997, Ford, E350, "2dr, 3dr, 4dr"
18, 1997, Ford, E350, "2dr, 3dr, 4dr"
19, 1997, Ford, E350, "2dr, 3dr, 4dr"
20, 1997, Ford, E350, "2dr, 3dr, 4dr"
21, 1997, Ford, E350, "2dr, 3dr, 4dr"
22, 1997, Ford, E350, "2dr, 3dr, 4dr"
23, 1997, Ford, E350, "2dr, 3dr, 4dr"
24, 1997, Ford, E350, "2dr, 3dr, 4dr"
25, 1997, Ford, E350, "2dr, 3dr, 4dr"
26, 1997, Ford, E350, "2dr, 3dr, 4dr"
27, 1997, Ford, E350, "2dr, 3dr, 4dr"
28, 1997, Ford, E350, "2dr, 3dr, 4dr"
29, 1997, Ford, E350, "2dr, 3dr, 4dr"
30, 1997, Ford, E350, "2dr, 3dr, 4dr"
31, 1997, Ford, E350, "2dr, 3dr, 4dr"
32, 1997, Ford, E350, "2dr, 3dr, 4dr"
33, 1997, Ford, E350, "2dr, 3dr, 4dr"
34, 1997, Ford, E350, "2dr, 3dr, 4dr"
35, 1997, Ford, E350, "2dr, 3dr, 4dr"
36, 1997, Ford, E350, "2dr, 3dr, 4dr"
37, 1997, Ford, E350, "2dr, 3dr, 4dr"
38, 1997, Ford, E350, "2dr, 3dr, 4dr"
39, 1997, Ford, E350, "2dr, 3dr, 4dr"
40, 1997, Ford, E350, "2dr, 3dr, 4dr"
41, 1997, Ford, E350, "2dr, 3dr, 4dr"
42, 1997, Ford, E350, "2dr, 3dr, 4dr"
43, 1997, Ford, E350, "2dr, 3dr, 4dr"
44, 1997, Ford, E350, "2dr, 3dr, 4dr"
45, 1997, Ford, E350, "2dr, 3dr, 4dr"
46, 1997, Ford, E350, "2dr, 3dr, 4dr"
47, 1997, Ford, E350, "2dr, 3dr, 4dr"
48, 1997, Ford, E350, "2dr, 3dr, 4dr"
49, 1997, Ford, E350, "2dr, 3dr, 4dr"
50, 1997, Ford, E350, "2dr, 3dr, 4dr"
51, 1997, Ford, E350, "2dr, 3dr, 4dr"
52, 1997, Ford, E350, "2dr, 3dr, 4dr"
53, 1997, Ford, E350, "2dr, 3dr, 4dr"
54, 1997, Ford, E350, "2dr, 3dr, 4dr"
55, 1997, Ford, E350, "2dr, 3dr, 4dr"
56, 1997, Ford, E350, "2dr, 3dr, 4dr"
57, 1997, Ford, E350, "2dr, 3dr, 4dr"
58, 1997, Ford, E350, "2dr, 3dr, 4dr"
59, 1997, Ford, E350, "2dr, 3dr, 4dr"
60, 1997, Ford, E350, "2dr, 3dr, 4dr"
61, 1997, Ford, E350, "2dr, 3dr, 4dr"
62, 1997, Ford, E350, "2dr, 3dr, 4dr"
63, 1997, Ford, E350, "2dr, 3dr, 4dr"
64, 1997, Ford, E350, "2dr, 3dr, 4dr"
65, 1997, Ford, E350, "2dr, 3dr, 4dr"
66, 1997, Ford, E350, "2dr, 3dr, 4dr"
67, 1997, Ford, E350, "2dr, 3dr, 4dr"
68, 1997, Ford, E350, "2dr, 3dr, 4dr"
69, 1997, Ford, E350, "2dr, 3dr, 4dr"
70, 1997, Ford, E350, "2dr, 3dr, 4dr"
71, 1997, Ford, E350, "2dr, 3dr, 4dr"
72, 1997, Ford, E350, "2dr, 3dr, 4dr"
73, 1997, Ford, E350, "2dr, 3dr, 4dr"
74, 1997, Ford, E350, "2dr, 3dr, 4dr"
75, 1997, Ford, E350, "2dr, 3dr, 4dr"
76, 1997, Ford, E350, "2dr, 3dr, 4dr"
77, 1997, Ford, E350, "2dr, 3dr, 4dr"
78, 1997, Ford, E350, "2dr, 3dr, 4dr"
79, 1997, Ford, E350, "2dr, 3dr, 4dr"
80, 1997, Ford, E350, "2dr, 3dr, 4dr"
81, 1997, Ford, E350, "2dr, 3dr, 4dr"
82, 1997, Ford, E350, "2dr, 3dr, 4dr"
83, 1997, Ford, E350, "2dr, 3dr, 4dr"
84, 1997, Ford, E350, "2dr, 3dr, 4dr"
85, 1997, Ford, E350, "2dr, 3dr, 4dr"
86, 1997, Ford, E350, "2dr, 3dr, 4dr"
87, 1997, Ford, E350, "2dr, 3dr, 4dr"
88, 1997, Ford, E350, "2dr, 3dr, 4dr"
89, 1997, Ford, E350, "2dr, 3dr, 4dr"
90, 1997, Ford, E350, "2dr, 3dr, 4dr"
91, 1997, Ford, E350, "2dr, 3dr, 4dr"
92, 1997, Ford, E350, "2dr, 3dr, 4dr"
93, 1997, Ford, E350, "2dr, 3dr, 4dr"
94, 1997, Ford, E350, "2dr, 3dr, 4dr"
95, 1997, Ford, E350, "2dr, 3dr, 4dr"
96, 1997, Ford, E350, "2dr, 3dr, 4dr"
97, 1997, Ford, E350, "2dr, 3dr, 4dr"
98, 1997, Ford, E350, "2dr, 3dr, 4dr"
99, 1997, Ford, E350, "2dr, 3dr, 4dr"
100, 1997, Ford, E350, "2dr, 3dr, 4dr"
101, 1997, Ford, E350, "2dr, 3dr, 4dr"
102, 1997, Ford, E350, "2dr, 3dr, 4dr"
103, 1997, Ford, E350, "2dr, 3dr, 4dr"
104, 1997, Ford, E350, "2dr, 3dr, 4dr"
105, 1997, Ford, E350, "2dr, 3dr, 4dr"
106, 1997, Ford, E350, "2dr, 3dr, 4dr"
107, 1997, Ford, E350, "2dr, 3dr, 4dr"
108, 1997, Ford, E350, "2dr, 3dr, 4dr"
109, 1997, Ford, E350, "2dr, 3dr, 4dr"
110, 1997, Ford, E350, "2dr, 3dr, 4dr"
111, 1997, Ford, E350, "2dr, 3dr, 4dr"
112, 1997, Ford, E350, "2dr, 3dr, 4dr"
113, 1997, Ford, E350, "2dr, 3dr, 4dr"
114, 1997, Ford, E350, "2dr, 3dr, 4dr"
115, 1997, Ford, E350, "2dr, 3dr, 4dr"
116, 1997, Ford, E350, "2dr, 3dr, 4dr"
117, 1997, Ford, E350, "2dr, 3dr, 4dr"
118, 1997, Ford, E350, "2dr, 3dr, 4dr"
119, 1997, Ford, E350, "2dr, 3dr, 4dr"
120, 1997, Ford, E350, "2dr, 3dr, 4dr"
121, 1997, Ford, E350, "2dr, 3dr, 4dr"
122, 1997, Ford, E350, "2dr, 3dr, 4dr"
123, 1997, Ford, E350, "2dr, 3dr, 4dr"
124, 1997, Ford, E350, "2dr, 3dr, 4dr"
125, 1997, Ford, E350, "2dr, 3dr, 4dr"
126, 1997, Ford, E350, "2dr, 3dr, 4dr"
127, 1997, Ford, E350, "2dr, 3dr, 4dr"
128, 1997, Ford, E350, "2dr, 3dr, 4dr"
129, 1997, Ford, E350, "2dr, 3dr, 4dr"
130, 1997, Ford, E350, "2dr, 3dr, 4dr"
131, 1997, Ford, E350, "2dr, 3dr, 4dr"
132, 1997, Ford, E350, "2dr, 3dr, 4dr"
133, 1997, Ford, E350, "2dr, 3dr, 4dr"
134, 1997, Ford, E350, "2dr, 3dr, 4dr"
135, 1997, Ford, E350, "2dr, 3dr, 4dr"
136, 1997, Ford, E350, "2dr, 3dr, 4dr"
137, 1997, Ford, E350, "2dr, 3dr, 4dr"
138, 1997, Ford, E350, "2dr, 3dr, 4dr"
139, 1997, Ford, E350, "2dr, 3dr, 4dr"
140, 1997, Ford, E350, "2dr, 3dr, 4dr"
141, 1997, Ford, E350, "2dr, 3dr, 4dr"
142, 1997, Ford, E350, "2dr, 3dr, 4dr"
143, 1997, Ford, E350, "2dr, 3dr, 4dr"
144, 1997, Ford, E350, "2dr, 3dr, 4dr"
145, 1997, Ford, E350, "2dr, 3dr, 4dr"
146, 1997, Ford, E350, "2dr, 3dr, 4dr"
147, 1997, Ford, E350, "2dr, 3dr, 4dr"
148, 1997, Ford, E350, "2dr, 3dr, 4dr"
149, 1997, Ford, E350, "2dr, 3dr, 4dr"
150, 1997, Ford, E350, "2dr, 3dr, 4dr"
151, 1997, Ford, E350, "2dr, 3dr, 4dr"
152, 1997, Ford, E350, "2dr, 3dr, 4dr"
153, 1997, Ford, E350, "2dr, 3dr, 4dr"
154, 1997, Ford, E350, "2dr, 3dr, 4dr"
155, 1997, Ford, E350, "2dr, 3dr, 4dr"
156, 1997, Ford, E350, "2dr, 3dr, 4dr"
157, 1997, Ford, E350, "2dr, 3dr, 4dr"
158, 1997, Ford, E350, "2dr, 3dr, 4dr"
159, 1997, Ford, E350, "2dr, 3dr, 4dr"
160, 1997, Ford, E350, "2dr, 3dr, 4dr"
161, 1997, Ford, E350, "2dr, 3dr, 4dr"
162, 1997, Ford, E350, "2dr, 3dr, 4dr"
163, 1997, Ford, E350, "2dr, 3dr, 4dr"
164, 1997, Ford, E350, "2dr, 3dr, 4dr"
165, 1997, Ford, E350, "2dr, 3dr, 4dr"
166, 1997, Ford, E350, "2dr, 3dr, 4dr"
167, 1997, Ford, E350, "2dr, 3dr, 4dr"
168, 1997, Ford, E350, "2dr, 3dr, 4dr"
169, 1997, Ford, E350, "2dr, 3dr, 4dr"
170, 1997, Ford, E350, "2dr, 3dr, 4dr"
171, 1997, Ford, E350, "2dr, 3dr, 4dr"
172, 1997, Ford, E350, "2dr, 3dr, 4dr"
173, 1997, Ford, E350, "2dr, 3dr, 4dr"
174, 1997, Ford, E350, "2dr, 3dr, 4dr"
175, 1997, Ford, E350, "2dr, 3dr, 4dr"
176, 1997, Ford, E350, "2dr, 3dr, 4dr"
177, 1997, Ford, E350, "2dr, 3dr, 4dr"
178, 1997, Ford, E350, "2dr, 3dr, 4dr"
179, 1997, Ford, E350, "2dr, 3dr, 4dr"
180, 1997, Ford, E350, "2dr, 3dr, 4dr"
181, 1997, Ford, E350, "2dr, 3dr, 4dr"
182, 1997, Ford, E350, "2dr, 3dr, 4dr"
183, 1997, Ford, E350, "2dr, 3dr, 4dr"
184, 1997, Ford, E350, "2dr, 3dr, 4dr"
185, 1997, Ford, E350, "2dr, 3dr, 4dr"
186, 1997, Ford, E350, "2dr, 3dr, 4dr"
187, 1997, Ford, E350, "2dr, 3dr, 4dr"
188, 1997, Ford, E350, "2dr, 3dr, 4dr"
189, 1997, Ford, E350, "2dr, 3dr, 4dr"
190, 1997, Ford, E350, "2dr, 3dr, 4dr"
191, 1997, Ford, E350, "2dr, 3dr, 4dr"
192, 1997, Ford, E350, "2dr, 3dr, 4dr"
193, 1997, Ford, E350, "2dr, 3dr, 4dr"
194, 1997, Ford, E350, "2dr, 3dr, 4dr"
195, 1997, Ford, E350, "2dr, 3dr, 4dr"
196, 1997, Ford, E350, "2dr, 3dr, 4dr"
197, 1997, Ford, E350, "2dr, 3dr, 4dr"
198, 1997, Ford, E350, "2dr, 3dr, 4dr"
199, 1997, Ford, E350, "2dr, 3dr, 4dr"
200, 1997, Ford, E350, "2dr, 3dr, 4dr"
201, 1997, Ford, E350, "2dr, 3dr, 4dr"
202, 1997, Ford, E350, "2dr, 3dr, 4dr"
203, 1997, Ford, E350, "2dr, 3dr, 4dr"
204, 1997, Ford, E350, "2dr, 3dr, 4dr"
205, 1997, Ford, E350, "2dr, 3dr, 4dr"
206, 1997, Ford, E350, "2dr, 3dr, 4dr"
207, 1997, Ford, E350, "2dr, 3dr, 4dr"
208, 1997, Ford, E350, "2dr, 3dr, 4dr"
209, 1997, Ford, E350, "2dr, 3dr, 4dr"
210, 1997, Ford, E350, "2dr, 3dr, 4dr"
211, 1997, Ford, E350, "2dr, 3dr, 4dr"
212, 1997, Ford, E350, "2dr, 3dr, 4dr"
213, 1997, Ford, E350, "2dr, 3dr, 4dr"
214, 1997, Ford, E350, "2dr, 3dr, 4dr"
215, 1997, Ford, E350, "2dr, 3dr, 4dr"
216, 1997, Ford, E350, "2dr, 3dr, 4dr"
217, 1997, Ford, E350, "2dr, 3dr, 4dr"
218, 1997, Ford, E350, "2dr, 3dr, 4dr"
219, 1997, Ford, E350, "2dr, 3dr, 4dr"
220, 1997, Ford, E350, "2dr, 3dr, 4dr"
221, 1997, Ford, E350, "2dr, 3dr, 4dr"
222, 1997, Ford, E350, "2dr, 3dr, 4dr"
223, 1997, Ford, E350, "2dr, 3dr, 4dr"
224, 1997, Ford, E350, "2dr, 3dr, 4dr"
225, 1997, Ford, E350, "2dr, 3dr, 4dr"
226, 1997, Ford, E350, "2dr, 3dr, 4dr"
227, 1997, Ford, E350, "2dr, 3dr, 4dr"
228, 1997, Ford, E350, "2dr, 3dr, 4dr"
229, 1997, Ford, E350, "2dr, 3dr, 4dr"
230, 1997, Ford, E350, "2dr, 3dr, 4dr"
231, 1997, Ford, E350, "2dr, 3dr, 4dr"
232, 1997, Ford, E350, "2dr, 3dr, 4dr"
233, 1997, Ford, E350, "2dr, 3dr, 4dr"
234, 1997, Ford, E350, "2dr, 3dr, 4dr"
235, 1997, Ford, E350, "2dr, 3dr, 4dr"
236, 1997, Ford, E350, "2dr, 3dr, 4dr"
237, 1997, Ford, E350, "2dr, 3dr, 4dr"
238, 1997, Ford, E350, "2dr, 3dr, 4dr"
239, 1997, Ford, E350, "2dr, 3dr, 4dr"
240, 1997, Ford, E350, "2dr, 3dr, 4dr"
241, 1997, Ford, E350, "2dr, 3dr, 4dr"
242, 1997, Ford, E350, "2dr, 3dr, 4dr"
243, 1997, Ford, E350, "2dr, 3dr, 4dr"
244, 1997, Ford, E350, "2dr, 3dr, 4dr"
245, 1997, Ford, E350, "2dr, 3dr, 4dr"
246, 1997, Ford, E350, "2dr, 3dr, 4dr"
247, 1997, Ford, E350, "2dr, 3dr, 4dr"
248, 1997, Ford, E350, "2dr, 3dr, 4dr"
249, 1997, Ford, E350, "2dr, 3dr, 4dr"
250, 1997, Ford, E350, "2dr, 3dr, 4dr"
251, 1997, Ford, E350, "2dr, 3dr, 4dr"
252, 1997, Ford, E350, "2dr, 3dr, 4dr"
253, 1997, Ford, E350, "2dr, 3dr, 4dr"
254, 1997, Ford, E350, "2dr, 3dr, 4dr"
255, 1997, Ford, E350, "2dr, 3dr, 4dr"
256, 1997, Ford, E350, "2dr, 3dr, 4dr"
257, 1997, Ford, E350, "2dr, 3dr, 4dr"
258, 1997, Ford, E350, "2dr, 3dr, 4dr"
259, 1997, Ford, E350, "2dr, 3dr, 4dr"
260, 1997, Ford, E350, "2dr, 3dr, 4dr"
261, 1997, Ford, E350, "2dr, 3dr, 4dr"
262, 1997, Ford, E350, "2dr, 3dr, 4dr"
263, 1997, Ford, E350, "2dr, 3dr, 4dr"
264, 1997, Ford, E350, "2dr, 3dr, 4dr"
265, 1997, Ford, E350, "2dr, 3dr, 4dr"
266, 1997, Ford, E350, "2dr, 3dr, 4dr"
267, 1997, Ford, E350, "2dr, 3dr, 4dr"
268, 1997, Ford, E350, "2dr, 3dr, 4dr"
269, 1997, Ford, E350, "2dr, 3dr, 4dr"
270, 1997, Ford, E350, "2dr, 3dr, 4dr"
271, 1997, Ford, E350, "2dr, 3dr, 4dr"
272, 1997, Ford, E350, "2dr, 3dr, 4dr"
273, 1997, Ford, E350, "2dr, 3dr, 4dr"
274, 1997, Ford, E350, "2dr, 3dr, 4dr"
275, 1997, Ford, E350, "2dr, 3dr, 4dr"
276, 1997, Ford, E350, "2dr, 3dr, 4dr"
277, 1997, Ford, E350, "2dr, 3dr, 4dr"
278, 1997, Ford, E350, "2dr, 3dr, 4dr"
279, 1997, Ford, E350, "2dr, 3dr, 4dr"
280, 1997, Ford, E350, "2dr, 3dr, 4dr"
281, 1997, Ford, E350, "2dr, 3dr, 4dr"
282, 1997, Ford, E350, "2dr, 3dr, 4dr"
283, 1997, Ford, E350, "2dr, 3dr, 4dr"